KEY_CODE,S_AREA,KIHON1,KIHON2,S_NAME,KIGO_E,HCODE,JINKO,SETAI,area_m2
"312020010","001000","0010","00",勝田町,,8101,482,227,195151
"312020020","002000","0020","00",東山町,,8101,326,148,152730
"31202003001","003001","0030","01",博労町一丁目,,8101,253,133,53111
"31202003002","003002","0030","02",博労町二丁目,,8101,347,163,88422
"31202003003","003003","0030","03",博労町三丁目,,8101,390,245,75856
"31202003004","003004","0030","04",博労町四丁目,,8101,586,265,175683
"31202004001","004001","0040","01",糀町一丁目,,8101,197,104,80624
"31202004002","004002","0040","02",糀町二丁目,,8101,204,116,41088
"31202005000","005000","0050","00",冨士見町,,8101,406,251,62335
"31202005001","005001","0050","01",冨士見町一丁目,,8101,152,67,36808
"31202005002","005002","0050","02",冨士見町二丁目,,8101,321,246,44408
"31202006001","006001","0060","01",日ノ出町一丁目,,8101,384,181,97957
"31202006002","006002","0060","02",日ノ出町二丁目,,8101,0,0,85305
"31202007001","007001","0070","01",角盤町一丁目,,8101,351,204,76780
"31202007002","007002","0070","02",角盤町二丁目,,8101,64,35,51117
"31202007003","007003","0070","03",角盤町三丁目,,8101,254,127,63032
"31202007004","007004","0070","04",角盤町四丁目,,8101,295,173,75391
"31202008001","008001","0080","01",錦町一丁目,,8101,273,146,84085
"31202008002","008002","0080","02",錦町二丁目,,8101,606,317,111054
"31202008003","008003","0080","03",錦町三丁目,,8101,985,544,92585
"312020090","009000","0090","00",朝日町,,8101,71,42,29892
"31202010001","010001","0100","01",道笑町一丁目,,8101,100,49,22680
"31202010002","010002","0100","02",道笑町二丁目,,8101,243,134,58461
"31202010003","010003","0100","03",道笑町三丁目,,8101,534,253,102554
"31202010004","010004","0100","04",道笑町四丁目,,8101,572,258,131974
"312020110","011000","0110","00",長砂町,,8101,1177,438,940479
"312020120","012000","0120","00",昭和町,,8101,532,242,131880
"312020130","013000","0130","00",万能町,,8101,197,112,28221
"312020140","014000","0140","00",日野町,,8101,121,98,16564
"312020150","015000","0150","00",法勝寺町,,8101,138,79,27439
"312020160","016000","0160","00",紺屋町,,8101,268,79,36376
"312020170","017000","0170","00",四日市町,,8101,85,45,23776
"312020180","018000","0180","00",東町,,8101,728,383,104117
"312020190","019000","0190","00",弥生町,,8101,9,9,138194
"312020200","020000","0200","00",陽田町,,8101,539,229,188219
"31202021001","021001","0210","01",加茂町一丁目,,8101,306,182,50371
"31202021002","021002","0210","02",加茂町二丁目,,8101,71,45,51459
"312020220","022000","0220","00",茶町,,8101,75,31,17562
"312020230","023000","0230","00",塩町,,8101,145,87,13802
"312020240","024000","0240","00",末広町,,8101,104,60,99787
"312020250","025000","0250","00",大工町,,8101,117,76,19270
"312020260","026000","0260","00",愛宕町,,8101,75,44,136195
"31202027001","027001","0270","01",祇園町一丁目,,8101,95,46,57990
"31202027002","027002","0270","02",祇園町二丁目,,8101,835,446,306709
"312020280","028000","0280","00",陰田町,,8101,1043,456,2394984
"312020290","029000","0290","00",大谷町,,8101,804,370,673707
"312020300","030000","0300","00",目久美町,,8101,1090,587,513425
"312020310","031000","0310","00",西倉吉町,,8101,167,100,26327
"312020320","032000","0320","00",中町,,8101,187,109,40267
"312020330","033000","0330","00",明治町,,8101,71,42,40712
"312020340","034000","0340","00",東倉吉町,,8101,31,19,32376
"312020350","035000","0350","00",久米町,,8101,191,124,439933
"31202036101","036101","0361","01",錦海町一丁目,,8101,380,137,59847
"31202036102","036102","0361","02",錦海町二丁目,,8101,505,247,75569
"31202036103","036103","0361","03",錦海町三丁目,,8101,287,88,111757
"312020370","037000","0370","00",尾高町,,8101,172,101,47839
"312020380","038000","0380","00",岩倉町,,8101,141,75,29893
"312020390","039000","0390","00",寺町,,8101,125,49,58612
"31202040001","040001","0400","01",天神町一丁目,,8101,83,52,17062
"31202040002","040002","0400","02",天神町二丁目,,8101,79,63,11474
"312020410","041000","0410","00",内町,,8101,377,258,65268
"31202042001","042001","0420","01",立町一丁目,,8101,102,50,16801
"31202042002","042002","0420","02",立町二丁目,,8101,143,109,20125
"31202042003","042003","0420","03",立町三丁目,,8101,169,86,25693
"31202042004","042004","0420","04",立町四丁目,,8101,148,61,32797
"31202043001","043001","0430","01",灘町一丁目,,8101,169,81,31328
"31202043002","043002","0430","02",灘町二丁目,,8101,408,232,51685
"31202043003","043003","0430","03",灘町三丁目,,8101,372,188,82717
"312020440","044000","0440","00",花園町,,8101,334,166,62067
"312020450","045000","0450","00",西町,,8101,249,112,188839
"312020460","046000","0460","00",三旗町,,8101,114,54,32186
"312020470","047000","0470","00",義方町,,8101,292,118,75424
"31202048100","048100","0481","00",旗ヶ崎,E1,8101,14,14,301927
"31202048100","048100","0481","00",旗ヶ崎,E2,8101,0,0,83088
"31202048101","048101","0481","01",旗ヶ崎一丁目,,8101,1162,555,165408
"31202048102","048102","0481","02",旗ヶ崎二丁目,,8101,883,419,183718
"31202048103","048103","0481","03",旗ヶ崎三丁目,,8101,710,333,98947
"31202048104","048104","0481","04",旗ヶ崎四丁目,,8101,994,441,119462
"31202048105","048105","0481","05",旗ヶ崎五丁目,,8101,548,215,118324
"31202048106","048106","0481","06",旗ヶ崎六丁目,,8101,992,562,150024
"31202048107","048107","0481","07",旗ヶ崎七丁目,,8101,763,437,175647
"31202048108","048108","0481","08",旗ヶ崎八丁目,,8101,507,221,90056
"31202048109","048109","0481","09",旗ヶ崎九丁目,,8101,1033,427,128439
"31202049001","049001","0490","01",上後藤一丁目,,8101,319,123,81242
"31202049002","049002","0490","02",上後藤二丁目,,8101,485,226,62263
"31202049003","049003","0490","03",上後藤三丁目,,8101,723,172,106555
"31202049004","049004","0490","04",上後藤四丁目,,8101,627,204,88250
"31202049005","049005","0490","05",上後藤五丁目,,8101,534,248,94062
"31202049006","049006","0490","06",上後藤六丁目,,8101,734,297,107789
"31202049007","049007","0490","07",上後藤七丁目,,8101,272,112,59905
"31202049008","049008","0490","08",上後藤八丁目,,8101,175,56,47618
"312020500","050000","0500","00",安倍,,8101,1752,790,861341
"31202051100","051100","0511","00",車尾,,8101,0,0,264994
"31202051101","051101","0511","01",車尾一丁目,,8101,184,78,48853
"31202051102","051102","0511","02",車尾二丁目,,8101,552,221,194862
"31202051103","051103","0511","03",車尾三丁目,,8101,521,211,118885
"31202051104","051104","0511","04",車尾四丁目,,8101,553,268,121055
"31202051105","051105","0511","05",車尾五丁目,,8101,484,212,115977
"31202051106","051106","0511","06",車尾六丁目,,8101,264,117,139724
"31202051107","051107","0511","07",車尾七丁目,,8101,200,89,233595
"312020520","052000","0520","00",観音寺,,8101,163,55,500152
"31202053101","053101","0531","01",中島一丁目,,8101,563,244,155409
"31202053102","053102","0531","02",中島二丁目,,8101,681,274,137553
"31202054101","054101","0541","01",三本松一丁目,,8101,437,201,66772
"31202054102","054102","0541","02",三本松二丁目,,8101,528,238,72144
"31202054103","054103","0541","03",三本松三丁目,,8101,506,217,67726
"31202054104","054104","0541","04",三本松四丁目,,8101,393,182,63589
"312020542","054200","0542","00",両三柳,,8101,9331,3958,4285281
"312020550","055000","0550","00",河崎,,8101,4398,1770,2093809
"31202056100","056100","0561","00",上福原,,8101,1324,466,1220343
"31202056101","056101","0561","01",上福原一丁目,,8101,202,78,109510
"31202056102","056102","0561","02",上福原二丁目,,8101,744,331,148865
"31202056103","056103","0561","03",上福原三丁目,,8101,1067,521,195163
"31202056104","056104","0561","04",上福原四丁目,,8101,218,106,65933
"31202056105","056105","0561","05",上福原五丁目,,8101,572,272,169819
"31202056106","056106","0561","06",上福原六丁目,,8101,597,298,107758
"31202056107","056107","0561","07",上福原七丁目,,8101,590,264,156981
"31202057101","057101","0571","01",皆生新田一丁目,,8101,351,199,95897
"31202057102","057102","0571","02",皆生新田二丁目,,8101,866,363,209508
"31202057103","057103","0571","03",皆生新田三丁目,,8101,910,438,329497
"31202057201","057201","0572","01",皆生一丁目,,8101,170,59,66616
"31202057202","057202","0572","02",皆生二丁目,,8101,103,11,291380
"31202057203","057203","0572","03",皆生三丁目,,8101,782,352,142234
"31202057204","057204","0572","04",皆生四丁目,,8101,344,167,94310
"31202057205","057205","0572","05",皆生五丁目,,8101,1312,618,233661
"31202057206","057206","0572","06",皆生六丁目,,8101,344,159,82370
"31202058101","058101","0581","01",東福原一丁目,,8101,343,177,120690
"31202058102","058102","0581","02",東福原二丁目,,8101,333,168,188184
"31202058103","058103","0581","03",東福原三丁目,,8101,414,204,76570
"31202058104","058104","0581","04",東福原四丁目,,8101,657,290,170370
"31202058105","058105","0581","05",東福原五丁目,,8101,611,263,112257
"31202058106","058106","0581","06",東福原六丁目,,8101,725,306,159247
"31202058107","058107","0581","07",東福原七丁目,,8101,974,415,175393
"31202058108","058108","0581","08",東福原八丁目,,8101,1009,442,200730
"31202059100","059100","0591","00",西福原,,8101,57,38,16835
"31202059101","059101","0591","01",西福原一丁目,,8101,208,84,66614
"31202059102","059102","0591","02",西福原二丁目,,8101,260,125,111233
"31202059103","059103","0591","03",西福原三丁目,,8101,611,274,107062
"31202059104","059104","0591","04",西福原四丁目,,8101,780,351,120770
"31202059105","059105","0591","05",西福原五丁目,,8101,801,336,99783
"31202059106","059106","0591","06",西福原六丁目,,8101,979,489,184426
"31202059107","059107","0591","07",西福原七丁目,,8101,908,365,162962
"31202059108","059108","0591","08",西福原八丁目,,8101,1307,576,205224
"31202059109","059109","0591","09",西福原九丁目,,8101,1021,443,174295
"31202060100","060100","0601","00",米原,,8101,167,67,27371
"31202060101","060101","0601","01",米原一丁目,,8101,1027,453,120358
"31202060102","060102","0601","02",米原二丁目,,8101,313,145,94376
"31202060103","060103","0601","03",米原三丁目,,8101,541,269,81308
"31202060104","060104","0601","04",米原四丁目,,8101,637,305,89738
"31202060105","060105","0601","05",米原五丁目,,8101,266,131,119213
"31202060106","060106","0601","06",米原六丁目,,8101,744,291,186293
"31202060107","060107","0601","07",米原七丁目,,8101,786,402,148718
"31202060108","060108","0601","08",米原八丁目,,8101,1160,531,156061
"31202060109","060109","0601","09",米原九丁目,,8101,233,92,113672
"312020610","061000","0610","00",福市,,8101,1982,750,2022735
"312020620","062000","0620","00",八幡,,8101,380,135,1200413
"312020630","063000","0630","00",諏訪,,8101,438,157,1324165
"312020640","064000","0640","00",青木,,8101,331,114,637637
"312020650","065000","0650","00",上安曇,,8101,134,40,612682
"312020660","066000","0660","00",下安曇,,8101,75,20,450639
"312020670","067000","0670","00",兼久,,8101,172,51,539565
"312020680","068000","0680","00",別所,,8101,119,41,1105362
"312020690","069000","0690","00",榎原,,8101,666,220,1288536
"312020700","070000","0700","00",大袋,,8101,78,27,553504
"312020710","071000","0710","00",永江,,8101,2454,1069,432066
"312020720","072000","0720","00",石井,,8101,953,254,904622
"312020730","073000","0730","00",奥谷,,8101,567,186,930817
"312020740","074000","0740","00",美吉,,8101,544,260,415886
"312020750","075000","0750","00",宗像,,8101,590,234,699121
"312020760","076000","0760","00",日原,,8101,521,114,507954
"312020770","077000","0770","00",橋本,,8101,248,92,817286
"312020780","078000","0780","00",奈喜良,,8101,292,124,765607
"312020790","079000","0790","00",吉谷,,8101,236,102,873721
"312020800","080000","0800","00",古市,,8101,116,37,1756299
"312020810","081000","0810","00",新山,,8101,185,59,2284484
"312020820","082000","0820","00",彦名町,,8101,4781,1658,6385256
"312020830","083000","0830","00",大崎,,8101,2054,764,2681670
"312020840","084000","0840","00",葭津,,8101,743,270,1593089
"312020850","085000","0850","00",大篠津町,,8101,1876,709,2961876
"312020860","086000","0860","00",和田町,,8101,2365,924,2467593
"312020870","087000","0870","00",富益町,,8101,4827,1709,3655696
"312020880","088000","0880","00",夜見町,,8101,4435,1719,3059164
"312020890","089000","0890","00",蚊屋,,8101,1253,437,687785
"312020900","090000","0900","00",今在家,,8101,372,122,502813
"312020910","091000","0910","00",二本木,,8101,439,120,1169504
"312020920","092000","0920","00",熊党,,8101,476,194,199722
"312020930","093000","0930","00",浦津,,8101,249,89,479118
"312020940","094000","0940","00",吉岡,,8101,463,188,720408
"312020950","095000","0950","00",一部,,8101,262,53,410775
"312020960","096000","0960","00",上新印,,8101,183,55,554785
"312020970","097000","0970","00",赤井手,,8101,201,71,1064176
"312020980","098000","0980","00",下新印,,8101,306,96,893278
"312020990","099000","0990","00",古豊千,,8101,680,211,1549045
"312021000","100000","1000","00",高島,,8101,131,43,522493
"312021010","101000","1010","00",東八幡,,8101,200,70,352959
"312021020","102000","1020","00",水浜,,8101,65,21,278754
"312021030","103000","1030","00",尾高,,8101,2104,756,4240594
"312021040","104000","1040","00",岡成,,8101,317,130,1637711
"312021050","105000","1050","00",泉,,8101,401,144,1969608
"312021060","106000","1060","00",下郷,,8101,198,64,574912
"312021070","107000","1070","00",日下,,8101,318,96,3519887
"312021080","108000","1080","00",石州府,,8101,155,51,1399846
"312021090","109000","1090","00",福万,,8101,683,239,2305222
"312021100","110000","1100","00",河岡,,8101,2342,805,947303
"312021110","111000","1110","00",中海,,8101,0,0,5576959
"31202112001","112001","1120","01",皆生温泉一丁目,,8101,691,370,137911
"31202112002","112002","1120","02",皆生温泉二丁目,,8101,838,434,157850
"31202112003","112003","1120","03",皆生温泉三丁目,,8101,198,141,252192
"31202112004","112004","1120","04",皆生温泉四丁目,,8101,571,346,241127
"31202113001","113001","1130","01",新開一丁目,,8101,578,197,86239
"31202113002","113002","1130","02",新開二丁目,,8101,906,396,192981
"31202113003","113003","1130","03",新開三丁目,,8101,401,148,150025
"31202113004","113004","1130","04",新開四丁目,,8101,392,157,235492
"31202113005","113005","1130","05",新開五丁目,,8101,562,192,126439
"31202113006","113006","1130","06",新開六丁目,,8101,682,347,143116
"31202113007","113007","1130","07",新開七丁目,,8101,1112,502,167628
"312021140","114000","1140","00",流通町,,8101,0,0,424867
"31202115001","115001","1150","01",車尾南一丁目,,8101,388,188,156182
"31202115002","115002","1150","02",車尾南二丁目,,8101,61,22,228460
"31202116001","116001","1160","01",観音寺新町一丁目,,8101,749,278,85094
"31202116002","116002","1160","02",観音寺新町二丁目,,8101,521,201,78423
"31202116003","116003","1160","03",観音寺新町三丁目,,8101,678,245,62843
"31202116004","116004","1160","04",観音寺新町四丁目,,8101,492,205,64540
"31202116005","116005","1160","05",観音寺新町五丁目,,8101,381,155,66615
"31202117001","117001","1170","01",淀江町西原九区,,8101,270,108,121688
"31202117002","117002","1170","02",淀江町西原一〇区,,8101,430,169,332935
"31202117003","117003","1170","03",淀江町西原一一区,,8101,776,255,1443907
"31202118001","118001","1180","01",淀江町淀江一区,,8101,371,132,136370
"31202118002","118002","1180","02",淀江町淀江二区,,8101,189,62,38435
"31202118003","118003","1180","03",淀江町淀江三区,,8101,133,49,28079
"31202118004","118004","1180","04",淀江町淀江四区,,8101,141,47,120781
"31202118005","118005","1180","05",淀江町淀江五区,,8101,174,62,42284
"31202118006","118006","1180","06",淀江町淀江六区,,8101,83,34,45979
"31202118007","118007","1180","07",淀江町淀江七区,,8101,188,66,50841
"31202118008","118008","1180","08",淀江町淀江八区,,8101,361,80,648014
"312021190","119000","1190","00",淀江町今津,,8101,496,168,388368
"312021200","120000","1200","00",淀江町福頼,,8101,58,19,317940
"312021210","121000","1210","00",淀江町平岡,,8101,76,20,348348
"312021220","122000","1220","00",淀江町福井,,8101,82,29,861135
"31202123001","123001","1230","01",淀江町福岡北尾,,8101,72,25,1142476
"31202123002","123002","1230","02",淀江町福岡上淀,,8101,103,32,2014718
"312021240","124000","1240","00",淀江町稲吉,,8101,203,64,6901739
"312021250","125000","1250","00",淀江町高井谷,,8101,89,28,528186
"312021260","126000","1260","00",淀江町中西尾,,8101,156,45,1338403
"312021270","127000","1270","00",淀江町富繁,,8101,56,15,304686
"312021280","128000","1280","00",淀江町西尾原,,8101,118,39,1088487
"312021290","129000","1290","00",淀江町本宮,,8101,74,22,2580655
"31202130001","130001","1300","01",淀江町佐陀佐陀一部,,8101,216,64,251038
"31202130002","130002","1300","02",淀江町佐陀佐陀二部,,8101,266,91,318851
"31202130003","130003","1300","03",淀江町佐陀佐陀三部,,8101,436,187,213141
"31202130004","130004","1300","04",淀江町佐陀桜台,,8101,329,118,191221
"31202130005","130005","1300","05",淀江町佐陀佐陀浜,,8101,396,161,55899
"31202130006","130006","1300","06",淀江町佐陀ニューやまと,,8101,955,441,211456
"31202130007","130007","1300","07",淀江町佐陀佐陀新田,,8101,1127,420,281280
"31202131001","131001","1310","01",淀江町中間中間,,8101,218,80,512136
"31202131002","131002","1310","02",淀江町中間亀甲,,8101,256,100,302156
"31202131003","131003","1310","03",淀江町中間亀甲新道,,8101,129,66,284428
"31202132001","132001","1320","01",淀江町小波小波上,,8101,123,44,1336726
"31202132002","132002","1320","02",淀江町小波小波浜,,8101,407,160,892504
