KEY_CODE,S_NAME
"31202003001",博労町一丁目
"31202003002",博労町二丁目
"31202003003",博労町三丁目
"31202003004",博労町四丁目
"31202004001",糀町一丁目
"31202004002",糀町二丁目
"31202005001",冨士見町一丁目
"31202005002",冨士見町二丁目
"31202006001",日ノ出町一丁目
"31202006002",日ノ出町二丁目
"31202007001",角盤町一丁目
"31202007002",角盤町二丁目
"31202007003",角盤町三丁目
"31202007004",角盤町四丁目
"31202008001",錦町一丁目
"31202008002",錦町二丁目
"31202008003",錦町三丁目
"31202010001",道笑町一丁目
"31202010002",道笑町二丁目
"31202010003",道笑町三丁目
"31202010004",道笑町四丁目
"31202021001",加茂町一丁目
"31202021002",加茂町二丁目
"31202027001",祇園町一丁目
"31202027002",祇園町二丁目
"31202036101",錦海町一丁目
"31202036102",錦海町二丁目
"31202036103",錦海町三丁目
"31202040001",天神町一丁目
"31202040002",天神町二丁目
"31202042001",立町一丁目
"31202042002",立町二丁目
"31202042003",立町三丁目
"31202042004",立町四丁目
"31202043001",灘町一丁目
"31202043002",灘町二丁目
"31202043003",灘町三丁目
"31202048101",旗ヶ崎一丁目
"31202048102",旗ヶ崎二丁目
"31202048103",旗ヶ崎三丁目
"31202048104",旗ヶ崎四丁目
"31202048105",旗ヶ崎五丁目
"31202048106",旗ヶ崎六丁目
"31202048107",旗ヶ崎七丁目
"31202048108",旗ヶ崎八丁目
"31202048109",旗ヶ崎九丁目
"31202049001",上後藤一丁目
"31202049002",上後藤二丁目
"31202049003",上後藤三丁目
"31202049004",上後藤四丁目
"31202049005",上後藤五丁目
"31202049006",上後藤六丁目
"31202049007",上後藤七丁目
"31202049008",上後藤八丁目
"31202051101",車尾一丁目
"31202051102",車尾二丁目
"31202051103",車尾三丁目
"31202051104",車尾四丁目
"31202051105",車尾五丁目
"31202051106",車尾六丁目
"31202051107",車尾七丁目
"31202053101",中島一丁目
"31202053102",中島二丁目
"31202054101",三本松一丁目
"31202054102",三本松二丁目
"31202054103",三本松三丁目
"31202054104",三本松四丁目
"31202056101",上福原一丁目
"31202056102",上福原二丁目
"31202056103",上福原三丁目
"31202056104",上福原四丁目
"31202056105",上福原五丁目
"31202056106",上福原六丁目
"31202056107",上福原七丁目
"31202057101",皆生新田一丁目
"31202057102",皆生新田二丁目
"31202057103",皆生新田三丁目
"31202057201",皆生一丁目
"31202057202",皆生二丁目
"31202057203",皆生三丁目
"31202057204",皆生四丁目
"31202057205",皆生五丁目
"31202057206",皆生六丁目
"31202058101",東福原一丁目
"31202058102",東福原二丁目
"31202058103",東福原三丁目
"31202058104",東福原四丁目
"31202058105",東福原五丁目
"31202058106",東福原六丁目
"31202058107",東福原七丁目
"31202058108",東福原八丁目
"31202059101",西福原一丁目
"31202059102",西福原二丁目
"31202059103",西福原三丁目
"31202059104",西福原四丁目
"31202059105",西福原五丁目
"31202059106",西福原六丁目
"31202059107",西福原七丁目
"31202059108",西福原八丁目
"31202059109",西福原九丁目
"31202060101",米原一丁目
"31202060102",米原二丁目
"31202060103",米原三丁目
"31202060104",米原四丁目
"31202060105",米原五丁目
"31202060106",米原六丁目
"31202060107",米原七丁目
"31202060108",米原八丁目
"31202060109",米原九丁目
"31202112001",皆生温泉一丁目
"31202112002",皆生温泉二丁目
"31202112003",皆生温泉三丁目
"31202112004",皆生温泉四丁目
"31202113001",新開一丁目
"31202113002",新開二丁目
"31202113003",新開三丁目
"31202113004",新開四丁目
"31202113005",新開五丁目
"31202113006",新開六丁目
"31202113007",新開七丁目
"31202115001",車尾南一丁目
"31202115002",車尾南二丁目
"31202116001",観音寺新町一丁目
"31202116002",観音寺新町二丁目
"31202116003",観音寺新町三丁目
"31202116004",観音寺新町四丁目
"31202116005",観音寺新町五丁目
