KIHON1,n,members
"0030",4,博労町一丁目 / 博労町二丁目 / 博労町三丁目 / 博労町四丁目
"0040",2,糀町一丁目 / 糀町二丁目
"0050",3,冨士見町 / 冨士見町一丁目 / 冨士見町二丁目
"0060",2,日ノ出町一丁目 / 日ノ出町二丁目
"0070",4,角盤町一丁目 / 角盤町二丁目 / 角盤町三丁目 / 角盤町四丁目
"0080",3,錦町一丁目 / 錦町二丁目 / 錦町三丁目
"0100",4,道笑町一丁目 / 道笑町二丁目 / 道笑町三丁目 / 道笑町四丁目
"0210",2,加茂町一丁目 / 加茂町二丁目
"0270",2,祇園町一丁目 / 祇園町二丁目
"0361",3,錦海町一丁目 / 錦海町二丁目 / 錦海町三丁目
"0400",2,天神町一丁目 / 天神町二丁目
"0420",4,立町一丁目 / 立町二丁目 / 立町三丁目 / 立町四丁目
"0430",3,灘町一丁目 / 灘町二丁目 / 灘町三丁目
"0481",11,旗ヶ崎 / 旗ヶ崎 / 旗ヶ崎一丁目 / 旗ヶ崎二丁目 / 旗ヶ崎三丁目 / 旗ヶ崎四丁目 / 旗ヶ崎五丁目 / 旗ヶ崎六丁目 / 旗ヶ崎七丁目 / 旗ヶ崎八丁目 / 旗ヶ崎九丁目
"0490",8,上後藤一丁目 / 上後藤二丁目 / 上後藤三丁目 / 上後藤四丁目 / 上後藤五丁目 / 上後藤六丁目 / 上後藤七丁目 / 上後藤八丁目
"0511",8,車尾 / 車尾一丁目 / 車尾二丁目 / 車尾三丁目 / 車尾四丁目 / 車尾五丁目 / 車尾六丁目 / 車尾七丁目
"0531",2,中島一丁目 / 中島二丁目
"0541",4,三本松一丁目 / 三本松二丁目 / 三本松三丁目 / 三本松四丁目
"0561",8,上福原 / 上福原一丁目 / 上福原二丁目 / 上福原三丁目 / 上福原四丁目 / 上福原五丁目 / 上福原六丁目 / 上福原七丁目
"0571",3,皆生新田一丁目 / 皆生新田二丁目 / 皆生新田三丁目
"0572",6,皆生一丁目 / 皆生二丁目 / 皆生三丁目 / 皆生四丁目 / 皆生五丁目 / 皆生六丁目
"0581",8,東福原一丁目 / 東福原二丁目 / 東福原三丁目 / 東福原四丁目 / 東福原五丁目 / 東福原六丁目 / 東福原七丁目 / 東福原八丁目
"0591",10,西福原 / 西福原一丁目 / 西福原二丁目 / 西福原三丁目 / 西福原四丁目 / 西福原五丁目 / 西福原六丁目 / 西福原七丁目 / 西福原八丁目 / 西福原九丁目
"0601",10,米原 / 米原一丁目 / 米原二丁目 / 米原三丁目 / 米原四丁目 / 米原五丁目 / 米原六丁目 / 米原七丁目 / 米原八丁目 / 米原九丁目
"1120",4,皆生温泉一丁目 / 皆生温泉二丁目 / 皆生温泉三丁目 / 皆生温泉四丁目
"1130",7,新開一丁目 / 新開二丁目 / 新開三丁目 / 新開四丁目 / 新開五丁目 / 新開六丁目 / 新開七丁目
"1150",2,車尾南一丁目 / 車尾南二丁目
"1160",5,観音寺新町一丁目 / 観音寺新町二丁目 / 観音寺新町三丁目 / 観音寺新町四丁目 / 観音寺新町五丁目
"1170",3,淀江町西原九区 / 淀江町西原一〇区 / 淀江町西原一一区
"1180",8,淀江町淀江一区 / 淀江町淀江二区 / 淀江町淀江三区 / 淀江町淀江四区 / 淀江町淀江五区 / 淀江町淀江六区 / 淀江町淀江七区 / 淀江町淀江八区
"1230",2,淀江町福岡北尾 / 淀江町福岡上淀
"1300",7,淀江町佐陀佐陀一部 / 淀江町佐陀佐陀二部 / 淀江町佐陀佐陀三部 / 淀江町佐陀桜台 / 淀江町佐陀佐陀浜 / 淀江町佐陀ニューやまと / 淀江町佐陀佐陀新田
"1310",3,淀江町中間中間 / 淀江町中間亀甲 / 淀江町中間亀甲新道
"1320",2,淀江町小波小波上 / 淀江町小波小波浜
